target_id,company,role,channel,value_low_usd,value_high_usd,competition_signal,status,url,contact,fit,priority
HT-001,New Era AI Studios,Editor for AI Vertical Drama,Upwork,2000,2500,5-10 proposals + 1 interview,ACTIVE,https://www.upwork.com/freelance-jobs/apply/Editor-for-Vertical-Drama-Paid-Freelance_~022097100901102736726/,,,HIGH,1
HT-002,Evolve Media,Creative Producer (Game Ads),Get on Board,1500,2500,14 applications; salary undisclosed,ACTIVE,https://www.getonbrd.com/jobs/publicidad-medios/creative-producer-game-ads-evolve-media-remote,,,HIGH,1
HT-003,Big Ma Pictures,AI Micro-Drama Editor,Upwork,2000,2500,15-20 proposals,ACTIVE,https://www.upwork.com/freelance-jobs/apply/Micro-Drama-Editor_~022097014537489705901/,stephen@bigmapictures.com,HIGH,2
HT-004,Evolve Media,Direct outreach to gaming/UA creative team,Direct,2000,5000,no public pool,ACTIVE,https://evolvemedia.tv/contact-us/,,HIGH,2
HT-005,Big Ma Pictures,Direct outreach to post-production team,Direct,2000,5000,no public pool,ACTIVE,https://www.bigmapictures.com/about,stephen@bigmapictures.com,HIGH,2

HT-006,ArtWorkout,Creative Producer - Performance Creative,Upwork,5000,5000,5-10 proposals; 0 interviews; 1 hire on client account,ACTIVE,https://artworkout.app/career/creative-producer,[email protected],MEDIUM-HIGH,1
HT-007,ArtWorkout,Direct Creative Producer outreach,Direct,2500,5000,no public pool; role-specific career page,ACTIVE,https://artworkout.app/career/creative-producer,[email protected],MEDIUM-HIGH,1
HT-008,The Collective Ace Group,Creative Producer - Game Design & Concept Development,Direct/Job board,2000,5000,Worldwide; posted Sep 18; open until Nov 17,ACTIVE,https://himalayas.app/companies/the-collective-ace-group/jobs/creative-producer-game-design-concept-development,,HIGH,2
